                  epoch,         train/box_loss,         train/cls_loss,         train/dfl_loss,   metrics/precision(B),      metrics/recall(B),       metrics/mAP50(B),    metrics/mAP50-95(B),           val/box_loss,           val/cls_loss,           val/dfl_loss,                 lr/pg0,                 lr/pg1,                 lr/pg2
                      1,                 2.1044,                 3.5772,                 2.1092,                0.11871,                0.09375,                0.03549,                 0.0141,                 2.0637,                 3.9161,                 2.3333,             0.00064912,             0.00064912,             0.00064912
                      2,                   2.02,                  3.206,                 2.0318,                0.13756,                0.17072,                0.06756,                0.02164,                 2.2422,                 3.7271,                 2.4418,              0.0011855,              0.0011855,              0.0011855
                      3,                 2.0691,                    3.1,                 2.0389,                0.04864,                  0.125,                0.02551,                0.00797,                 2.6192,                 15.657,                 3.8105,              0.0015899,              0.0015899,              0.0015899
